{
    "description": " Description: multi element lens Focal length (mm) ",
    "name": " Name: 2el.XXdeg.6.0mm",
    "surfaces": [
        {
            "ior": 1.649999976158142,
            "radius": 10000,
            "semi_aperture": 0.1,
            "thickness": 0.0018000000715255737
        },
        {
            "ior": 1.649999976158142,
            "radius": 0.0,
            "semi_aperture": 0.1,
            "thickness": 0.0018000000715255737
        },
        {
            "ior": 1.0,
            "radius": -10000,
            "semi_aperture": 0.1,
            "thickness": 0.0018000000715255737
        }
    ]
}